@id,@type,@lat,@lon,highway,crossing,traffic_calming,traffic_signals
30037235,node,13.0807843,80.2651669,traffic_signals,,,
30037236,node,13.0802951,80.2627848,traffic_signals,,,
30037239,node,13.0794309,80.2587734,traffic_signals,,,
30037241,node,13.0789975,80.2546809,traffic_signals,,,
30037243,node,13.0788878,80.2516867,traffic_signals,,,
30037244,node,13.0788576,80.2501014,traffic_signals,,,
30037246,node,13.0779389,80.2444133,traffic_signals,,,
30037247,node,13.0773336,80.2406122,traffic_signals,,,
30037248,node,13.0766849,80.2380064,traffic_signals,,,
30037250,node,13.0758601,80.2338977,traffic_signals,,,
30037255,node,13.0739518,80.2247736,traffic_signals,,,
30037398,node,13.0822677,80.2816254,traffic_signals,,,
30037877,node,13.0311611,80.2396609,traffic_signals,,,
30037880,node,13.0348454,80.2455632,traffic_signals,,,
30037891,node,13.0577844,80.2576907,traffic_signals,,,
30037899,node,13.0681313,80.2712749,traffic_signals,,,
30037903,node,13.0716541,80.2743139,traffic_signals,,,
30037904,node,13.0717936,80.2743746,traffic_signals,,,
30038738,node,13.0499473,80.2118800,traffic_signals,,,
30051246,node,13.0380739,80.2566429,traffic_signals,,,
30051247,node,13.0394741,80.2470503,traffic_signals,,,
30051249,node,13.0287832,80.2497725,traffic_signals,,,
30051287,node,13.0388392,80.2571665,traffic_signals,,,
30051698,node,13.0355957,80.2459911,traffic_signals,,,
30142985,node,12.8976224,80.2474759,traffic_signals,,,
30143018,node,12.9616653,80.2562055,traffic_signals,,,
30143486,node,12.9387417,80.2528025,traffic_signals,,,
30237379,node,13.0800515,80.2882131,traffic_signals,,,
30237381,node,13.0787260,80.2878017,traffic_signals,,,
30237399,node,13.0334551,80.2773791,traffic_signals,,,
30237413,node,13.0240343,80.2739707,traffic_signals,,,
30268341,node,13.0722465,80.2020302,traffic_signals,,,
30268342,node,13.0697591,80.2006685,traffic_signals,,,
30268463,node,13.0114299,80.2231983,traffic_signals,,,
30268467,node,12.9877944,80.2513358,traffic_signals,,,
186741970,node,13.0659868,80.2436336,traffic_signals,,,
243048886,node,13.0446855,80.2635724,traffic_signals,,,
243051152,node,13.0067719,80.2473989,traffic_signals,,,signal
243051703,node,13.0067735,80.2516348,traffic_signals,,,
243051718,node,13.0187137,80.2612947,traffic_signals,,,
243064548,node,13.0262774,80.2659605,traffic_signals,,,signal
243064560,node,13.0367934,80.2676972,traffic_signals,,,
243065468,node,13.0583000,80.2654066,traffic_signals,,,
243066060,node,13.0500527,80.2806834,traffic_signals,,,
243066455,node,13.0453213,80.2598607,traffic_signals,,,
243323035,node,13.0270995,80.2565744,traffic_signals,,,
243326004,node,12.9760873,80.2213325,traffic_signals,,,
245579177,node,13.0474136,80.2330821,traffic_signals,,,
246823992,node,13.0295538,80.2457626,traffic_signals,,,
246824741,node,13.0181555,80.2410929,traffic_signals,,,
246825437,node,13.0271502,80.2537843,traffic_signals,,,
246866976,node,12.9798977,80.2526097,traffic_signals,,,
247074857,node,13.0350262,80.2304109,traffic_signals,,,
247074863,node,13.0260918,80.2313679,traffic_signals,,,
247435500,node,13.0888458,80.2903598,traffic_signals,,,
247437529,node,13.0737818,80.2764982,traffic_signals,,,
247438022,node,13.0923212,80.2752963,traffic_signals,,,
247438428,node,13.0884768,80.2852912,traffic_signals,,,
247458614,node,13.0466756,80.2548396,traffic_signals,,,
247681415,node,13.0433830,80.2445937,traffic_signals,,,
247681990,node,13.0533000,80.2240860,traffic_signals,,,
247684417,node,13.0537665,80.2502938,traffic_signals,,,
247685518,node,13.0523910,80.2507557,traffic_signals,,,
247686093,node,13.0520382,80.2509806,traffic_signals,,,
247686096,node,13.0525591,80.2509799,traffic_signals,,,
247714665,node,13.0037866,80.2120421,traffic_signals,uncontrolled,,
247714671,node,12.9991525,80.2147506,,,hump,
247714672,node,12.9972779,80.2164696,traffic_signals,,,
247973381,node,13.0433620,80.2743308,traffic_signals,,,
247974345,node,13.0289174,80.2564883,traffic_signals,,,
248333952,node,13.0741428,80.2857960,traffic_signals,,,
248467445,node,13.0620586,80.2629025,traffic_signals,,,
248551226,node,13.0484677,80.2536651,traffic_signals,,,
248680296,node,13.0657569,80.2435436,traffic_signals,,,
248697312,node,13.0343838,80.2375933,traffic_signals,,,
249112790,node,12.9635310,80.2158831,traffic_signals,,,
249112805,node,12.9842751,80.2212303,,,hump,
249112807,node,12.9841259,80.2221898,,,hump,
249493600,node,13.0067416,80.2574993,traffic_signals,,,
249497716,node,13.0065529,80.2574878,traffic_signals,,,
249797441,node,13.0333235,80.2568840,traffic_signals,,,
249797465,node,13.0308997,80.2566508,traffic_signals,,,
249798531,node,13.0539183,80.2642145,traffic_signals,,,
249798532,node,13.0446531,80.2667369,traffic_signals,,,
251296844,node,12.9484370,80.2097603,traffic_signals,,,signal(t)
251298780,node,12.9939188,80.1854610,traffic_signals,,,
251299059,node,12.9800610,80.1628777,traffic_signals,,,
252299774,node,13.0964652,80.2190491,traffic_signals,,,
254122207,node,13.1079651,80.2914180,traffic_signals,,,
254491105,node,13.0858951,80.2504524,traffic_signals,,,
256035561,node,13.0247164,80.2289552,traffic_signals,,,
256127378,node,13.0086305,80.1986539,traffic_signals,traffic_signals,,
256606767,node,13.0373172,80.2122341,traffic_signals,,,
257430019,node,13.0012436,80.2564557,traffic_signals,,,
257430022,node,12.9969275,80.2558089,traffic_signals,,,
257430077,node,12.9907655,80.2559738,traffic_signals,,,
257432750,node,12.9995056,80.2561360,traffic_signals,,,
257439085,node,12.9169937,80.1942384,traffic_signals,,,signal
257924699,node,13.0974260,80.2420828,traffic_signals,,,
259057610,node,13.0641172,80.2833790,traffic_signals,,,
259058458,node,13.0507959,80.2808119,traffic_signals,,,
259431466,node,13.0446314,80.2683560,traffic_signals,,,
259509987,node,13.0545149,80.2578927,traffic_signals,,,
259703193,node,13.0537914,80.2640608,traffic_signals,,,
259703207,node,13.0543587,80.2579418,traffic_signals,,,
259773475,node,13.0446545,80.2669110,traffic_signals,,,
262454145,node,13.0697317,80.2048975,traffic_signals,,,
262628801,node,13.0951549,80.2924941,traffic_signals,,,signal
268789820,node,13.0067658,80.2403023,traffic_signals,,,
268790022,node,12.9905355,80.2288195,,,hump,
268792314,node,12.9898742,80.2253438,,,hump,
268792317,node,12.9895241,80.2237761,,,bump,
268792318,node,12.9891684,80.2233929,,,bump,
269768005,node,13.0266853,80.2330185,traffic_signals,,,
270432724,node,13.0641519,80.2835160,traffic_signals,,,
270432726,node,13.0678099,80.2843359,traffic_signals,,,
273459877,node,12.9009094,80.2278862,traffic_signals,,,
273459891,node,12.8584878,80.2261798,traffic_signals,,,signal
276517791,node,13.1302667,80.2139462,traffic_signals,,,
276607954,node,13.0871073,80.1984533,traffic_signals,,,
277391353,node,13.0213429,80.1832773,traffic_signals,,,
277394109,node,13.0466704,80.1926044,traffic_signals,,,
277434297,node,13.0442799,80.2122478,traffic_signals,,,
277434352,node,13.0437362,80.2174054,traffic_signals,,,
277435460,node,13.0522605,80.2200793,traffic_signals,,,
277435571,node,13.0415669,80.2159372,traffic_signals,,,
277438691,node,13.0752497,80.2160144,traffic_signals,,,
277438924,node,13.0637559,80.2115475,traffic_signals,,,
277439021,node,13.0588383,80.2114260,traffic_signals,,,
277439414,node,13.0522978,80.2202337,traffic_signals,,,
277444400,node,13.0212976,80.1833486,traffic_signals,,,
278990888,node,13.0176611,80.2056407,traffic_signals,,,signal(t)
278991199,node,13.0077803,80.1951609,,,bump,
299808129,node,13.0002373,80.2668722,mini_roundabout,,,
300216374,node,13.0498480,80.2118701,traffic_signals,,,signal
300454652,node,12.9581462,80.2554128,traffic_signals,,,
301299659,node,12.9830532,80.2593721,traffic_signals,,,
301299673,node,12.9777235,80.2591108,traffic_signals,,,
301299745,node,12.9662135,80.2568276,traffic_signals,,,
301299826,node,12.9500918,80.2550064,traffic_signals,,,
302891536,node,13.0429215,80.2475944,traffic_signals,,,
302897360,node,13.0468011,80.2548797,traffic_signals,,,
302897367,node,13.0455275,80.2598873,traffic_signals,,,
302897389,node,13.0485209,80.2537686,traffic_signals,,,
303008048,node,13.0347483,80.2456729,traffic_signals,,,
303008051,node,13.0355603,80.2462047,traffic_signals,,,
303008065,node,13.0391772,80.2469947,traffic_signals,,,
303283554,node,13.0817259,80.2751616,traffic_signals,,,
303283584,node,13.0821655,80.2784672,traffic_signals,,,
303283585,node,13.0822770,80.2817846,traffic_signals,,,
303284180,node,13.0823790,80.2816954,traffic_signals,,,
303284217,node,13.0883818,80.2852273,traffic_signals,,,
303284220,node,13.0883823,80.2853738,traffic_signals,,,
303284387,node,13.0886173,80.2902607,traffic_signals,,,
303284388,node,13.0888071,80.2904488,traffic_signals,,,
303510937,node,13.0310900,80.2399589,traffic_signals,,,
303511150,node,13.0264963,80.2330731,traffic_signals,,,
303511274,node,13.0245613,80.2290969,traffic_signals,,,
303511419,node,13.0197518,80.2246772,crossing,traffic_signals,,
303511420,node,13.0198054,80.2247137,traffic_signals,,,
304918729,node,13.0788783,80.2547003,traffic_signals,,,
304918740,node,13.0793192,80.2587891,traffic_signals,,,
304918752,node,13.0801904,80.2628257,traffic_signals,,,
304918760,node,13.0807108,80.2654065,traffic_signals,,,
308209327,node,13.0451626,80.2401677,traffic_signals,,,
308209330,node,13.0450146,80.2403338,traffic_signals,,,
308313485,node,13.0136586,80.2043711,traffic_signals,,,signal
308313676,node,13.0176509,80.2058480,traffic_signals,,,signal(t)
308313811,node,13.0216290,80.2064889,traffic_signals,traffic_signals,,signal
308910898,node,12.9940514,80.1853914,traffic_signals,,,
309061988,node,13.0680993,80.2714560,traffic_signals,,,
309178256,node,13.0662769,80.2684310,traffic_signals,,,
309178263,node,13.0657580,80.2674642,traffic_signals,,,
309178281,node,13.0678750,80.2708859,traffic_signals,,,
309179671,node,13.0577051,80.2577403,traffic_signals,,,
309213773,node,13.0537205,80.2501813,traffic_signals,,,
309316810,node,13.0772204,80.2407225,traffic_signals,,,
309316811,node,13.0787710,80.2516945,traffic_signals,,,
309316812,node,13.0787377,80.2500765,traffic_signals,,,
309316814,node,13.0778344,80.2444072,traffic_signals,,,
309316816,node,13.0765787,80.2380274,traffic_signals,,,
309322652,node,13.0692790,80.2423025,traffic_signals,,,
309324987,node,13.0757405,80.2339148,traffic_signals,,,
309812129,node,13.0037950,80.2118654,traffic_signals,uncontrolled,,
310006942,node,13.0212155,80.1831920,traffic_signals,,,
310102870,node,13.0067702,80.2472648,traffic_signals,,,
310102882,node,12.9878116,80.2514435,traffic_signals,,,
310535740,node,13.0012315,80.2565380,traffic_signals,,,
310535741,node,12.9994968,80.2562280,traffic_signals,,,
310535742,node,12.9969294,80.2559195,traffic_signals,,,
310535870,node,12.9879188,80.2514186,traffic_signals,,,
310535938,node,12.9830439,80.2594644,traffic_signals,,,
310728384,node,13.0500343,80.2807996,traffic_signals,,,
310728681,node,13.0434299,80.2743187,traffic_signals,,,
310729326,node,13.0507958,80.2808947,traffic_signals,,,
310729957,node,13.0445095,80.2683564,traffic_signals,,,
310729973,node,13.0445615,80.2669594,traffic_signals,,,
310729976,node,13.0445644,80.2667851,traffic_signals,,,
310729982,node,13.0445737,80.2635573,traffic_signals,,,
311366010,node,13.0965686,80.2190868,traffic_signals,,,
312031374,node,13.0066419,80.2472685,traffic_signals,,,
312031412,node,13.0066774,80.2516521,traffic_signals,,,
313027926,node,13.0366475,80.1425359,traffic_signals,,,
313027927,node,13.0368669,80.1425683,traffic_signals,,,
314643627,node,13.0534641,80.2241162,traffic_signals,,,
314643647,node,13.0524216,80.2202026,traffic_signals,,,
314643681,node,13.0523760,80.2200454,traffic_signals,,,
315260055,node,13.0373232,80.2124402,traffic_signals,,,
315260922,node,13.0443017,80.2124429,traffic_signals,,,
315262038,node,13.0499866,80.2121907,traffic_signals,,,
315263355,node,13.0586717,80.2116502,traffic_signals,,,
315263564,node,13.0636875,80.2117185,traffic_signals,,,
315264073,node,13.0723474,80.2021568,traffic_signals,,,
325207488,node,12.9874290,80.2183244,traffic_signals,traffic_signals,,
333719112,node,12.9777423,80.2591791,traffic_signals,,,
338282568,node,12.9484020,80.2101389,traffic_signals,,,
338406694,node,12.9874685,80.2181963,traffic_signals,traffic_signals,,
338406779,node,12.9916407,80.2195415,traffic_signals,,,
338406792,node,12.9915806,80.2194729,traffic_signals,,,
338406860,node,12.9759943,80.2214036,traffic_signals,,,
338470503,node,12.9813924,80.2432785,traffic_signals,,,
339996211,node,13.0751372,80.2160140,traffic_signals,,,
340003061,node,13.0871089,80.1986874,traffic_signals,,,
340003064,node,13.0829694,80.1986356,traffic_signals,,,
342746843,node,13.0466026,80.1926051,traffic_signals,,,
343155051,node,13.0740559,80.2247819,traffic_signals,,,
343158176,node,13.0749932,80.2180072,traffic_signals,,,
357936503,node,13.0699705,80.2050526,traffic_signals,,,
359084663,node,12.9799864,80.2526090,traffic_signals,,,
364649093,node,13.0179409,80.1870733,traffic_signals,,,
364649979,node,13.0086989,80.1928718,,,bump,
364650442,node,13.0151813,80.1815964,,,hump,
364650917,node,13.0205170,80.1851533,traffic_signals,traffic_signals,,
366081884,node,12.9972089,80.2165504,traffic_signals,,,
369643898,node,13.0216456,80.2062933,traffic_signals,traffic_signals,,signal
369644544,node,13.0301946,80.2090919,traffic_signals,traffic_signals,,
370920268,node,12.9544509,80.2552061,traffic_signals,,,
370921469,node,12.9291023,80.2515989,traffic_signals,,,
391813202,node,13.0872653,80.1984535,traffic_signals,,,
393768355,node,13.0951309,80.2925740,traffic_signals,,,signal
402333321,node,13.1251299,80.2054290,traffic_signals,,,
402333451,node,13.1230479,80.2015775,traffic_signals,,,signal
403772084,node,13.0847063,80.2153952,crossing,unmarked,,
610889066,node,13.1096330,80.2643779,,uncontrolled,,
610889067,node,13.1095225,80.2643705,,uncontrolled,,
618647392,node,13.0964167,80.2191799,traffic_signals,,,
674698199,node,13.1095879,80.2643749,,uncontrolled,,
964603781,node,12.9485344,80.2101991,traffic_signals,,,
964603841,node,12.9485814,80.2098206,traffic_signals,,,
964603998,node,12.9173229,80.1941101,traffic_signals,,,signal
966544148,node,13.0816211,80.2751566,traffic_signals,,,
966544184,node,13.0737086,80.2764266,traffic_signals,,,
996566530,node,13.0296281,80.2457700,traffic_signals,,,
996580354,node,13.0295607,80.2456523,traffic_signals,,,
996580357,node,13.0296374,80.2456563,traffic_signals,,,
997613746,node,13.0073780,80.1985829,traffic_signals,traffic_signals,,
1109183202,node,13.1254456,80.2052505,traffic_signals,,,
1109183226,node,13.1232260,80.2015109,traffic_signals,,,signal
1109183387,node,13.1304004,80.2136291,traffic_signals,,,
1131077631,node,13.1096926,80.2643819,,uncontrolled,,
1168642565,node,13.0697047,80.2007812,traffic_signals,,,
1184293290,node,12.8977322,80.2475059,traffic_signals,,,
1450839411,node,12.9740481,80.2584392,traffic_signals,,,
1453592061,node,12.9634407,80.2467116,traffic_signals,,,signal
1453684861,node,12.9580904,80.2555474,traffic_signals,,,
1453684879,node,12.9616304,80.2562887,traffic_signals,,,
1454648370,node,12.9799018,80.2527419,traffic_signals,,,
1454653729,node,12.9635751,80.2466445,traffic_signals,,,
1454664553,node,12.9813011,80.2432792,traffic_signals,,,
1454664555,node,12.9812978,80.2431927,traffic_signals,,,
1457530962,node,12.9740611,80.2583399,traffic_signals,,,
1701428425,node,13.0392158,80.2468293,traffic_signals,,,
1701428511,node,13.0495356,80.2476710,traffic_signals,,,
1702257658,node,13.0451951,80.2402258,traffic_signals,,,
1702257693,node,13.0454066,80.2482664,traffic_signals,,,
1725124515,node,13.0166248,80.1774495,,,hump,
1725124535,node,13.0171209,80.1753260,,,hump,
1945613045,node,12.9010003,80.2279993,traffic_signals,,,
1945613057,node,12.9009007,80.2279903,traffic_signals,,,
2001005468,node,13.0391393,80.2346666,traffic_signals,,,
2001025764,node,13.0353119,80.2395203,,,chicane,
2010335682,node,13.0179598,80.1872539,traffic_signals,,,
2010349044,node,13.0203681,80.1851188,traffic_signals,traffic_signals,,
2049352369,node,12.9101416,80.1916663,,,bump,
2049352415,node,12.9170660,80.1924073,traffic_signals,,,
2049355392,node,12.9156438,80.1924867,,,bump,
2051096418,node,12.9173533,80.1924093,traffic_signals,,,
2068622283,node,13.0426620,80.2359683,traffic_signals,,,
2142357954,node,13.0152287,80.1817001,,,hump,
2142357956,node,13.0152318,80.1827408,,,hump,
2142357959,node,13.0152620,80.1814867,,,hump,
2142357961,node,13.0153781,80.1849974,,,hump,
2142357964,node,13.0157132,80.1853635,,,hump,
2142357968,node,13.0164818,80.1774775,,,hump,
2142357971,node,13.0165383,80.1772276,,,hump,
2142487696,node,13.0019745,80.2045247,,,bump,
2142527559,node,12.9996978,80.2142625,,,bump,
2142527560,node,13.0045012,80.2087717,,,bump,
2142527561,node,13.0047915,80.2088955,,,bump,
2142536482,node,12.9913628,80.2196439,traffic_signals,,,
2147552420,node,12.9900974,80.2416504,,,bump,
2147552422,node,12.9901976,80.2416641,,,bump,
2155617682,node,12.9913590,80.2333155,,,hump,
2155617683,node,12.9917155,80.2341125,,,hump,
2155617685,node,12.9973094,80.2399014,,,hump,
2155617686,node,12.9975135,80.2401974,,,hump,
2157590791,node,12.9971957,80.2164810,traffic_signals,,,
2157613077,node,13.0079234,80.1933341,,,bump,
2157613078,node,13.0083168,80.1941781,,,bump,
2158640816,node,12.9919422,80.2485702,,,bump,
2158640819,node,12.9919415,80.2488781,,,bump,
2164168461,node,12.9861183,80.2337825,,,hump,
2164168466,node,12.9865918,80.2333251,,,hump,
2164168467,node,12.9866394,80.2371261,,,hump,
2164168475,node,12.9874604,80.2330372,,,hump,
2168329713,node,13.0171822,80.1754751,,,hump,
2168329714,node,13.0182354,80.1855588,,,hump,
2168329716,node,13.0183725,80.1857915,,,bump,
2168356804,node,12.9863663,80.2409759,,,hump,
2168356844,node,13.0036069,80.2120106,traffic_signals,uncontrolled,,
2172951147,node,13.0587932,80.2611144,crossing,zebra,,
2197202960,node,13.0390996,80.2345921,traffic_signals,,,
2197639817,node,13.0733807,80.2613890,,,hump,
2206325683,node,13.0191131,80.1782493,,,hump,
2206325684,node,13.0192929,80.1806876,,,hump,
2206325685,node,13.0194377,80.1786710,,,hump,
2206325686,node,13.0195041,80.1809811,,,hump,
2212506166,node,13.0085117,80.1938185,,,bump,
2216438093,node,13.0537992,80.2639752,traffic_signals,,,
2216438096,node,13.0539228,80.2641252,traffic_signals,,,
2258301671,node,13.0145706,80.1743590,,,hump,
2258301674,node,13.0172425,80.1752458,,,hump,
2271478714,node,13.1038925,80.2734878,traffic_signals,,,
2274932412,node,13.0563088,80.2109892,crossing,unmarked,,
2341762689,node,12.9498547,80.2311325,traffic_signals,,,
2407556311,node,12.9817444,80.1667437,traffic_signals,,,
2489157872,node,13.0715696,80.2744964,traffic_signals,,,
2489157876,node,13.0716919,80.2745380,traffic_signals,,,
2587530829,node,12.9907693,80.2560579,traffic_signals,,,
2800814648,node,13.0660008,80.2434830,traffic_signals,,,
2923072165,node,13.0131842,80.1558775,crossing,unmarked,,
3371735073,node,12.9969822,80.2376321,,,hump,
3371735077,node,12.9952567,80.2352864,,,hump,
3371735079,node,12.9937248,80.2343198,,,hump,
3493019094,node,12.9818734,80.2274683,,,hump,
3493019095,node,12.9838169,80.2276486,,,bump,
3493019096,node,12.9847106,80.2276515,,,hump,
3493019097,node,12.9849476,80.2276475,,,hump,
3610213220,node,13.0197733,80.2245664,crossing,traffic_signals,,
4113412285,node,12.9813808,80.2431798,traffic_signals,,,
4265683504,node,12.9830248,80.2276677,,,bump,
4294274245,node,12.9830957,80.2326189,,,hump,
4294274246,node,12.9831041,80.2324572,,,hump,
4348672372,node,12.9855582,80.2308097,,,hump,
4348672373,node,12.9856295,80.2305427,,,hump,
4358666339,node,12.9857575,80.2290800,,,hump,
4358666340,node,12.9860005,80.2277510,,,hump,
4360268530,node,12.9770244,80.2304369,,,hump,
4360268532,node,12.9785246,80.2293637,,,hump,
4360268533,node,12.9795887,80.2292999,,,hump,
4360268534,node,12.9796363,80.2283079,,,hump,
4360268535,node,12.9796437,80.2292407,,,hump,
4360268536,node,12.9796449,80.2293461,,,hump,
4360268537,node,12.9796911,80.2282606,,,hump,
4360268538,node,12.9796995,80.2292985,,,hump,
4360268540,node,12.9807764,80.2273725,,,hump,
4360268542,node,12.9817221,80.2274555,,,hump,
4360268543,node,12.9829649,80.2281783,,,hump,
4360268544,node,12.9829806,80.2280382,,,hump,
4360268545,node,12.9831467,80.2275993,,,hump,
4360268546,node,12.9859448,80.2276470,,,hump,
4360268547,node,12.9860541,80.2275176,,,hump,
4362740046,node,12.9831852,80.2372822,,,hump,
4367331998,node,12.9825571,80.2357880,,,hump,
4367331999,node,12.9827511,80.2366516,,,hump,
4386936216,node,12.9794892,80.2265621,,,hump,
4386936218,node,12.9822821,80.2274960,,,hump,
4386936840,node,12.9769461,80.2294664,,,hump,
4386936841,node,12.9770343,80.2293199,,,hump,
4386936842,node,12.9775931,80.2293103,,,hump,
4396209379,node,12.9812364,80.1656257,,,bump,
4396209380,node,12.9812923,80.1657873,,,bump,
4410824052,node,13.0259592,80.2314274,traffic_signals,,,
4461968967,node,12.9661908,80.2569221,traffic_signals,,,
4470134121,node,12.9867375,80.2408214,,,hump,
4470134122,node,12.9869060,80.2409168,,,hump,
4885082995,node,12.9805397,80.1640310,,,bump,
4885083062,node,12.9798702,80.1629475,traffic_signals,,,
5289829972,node,13.0835995,80.2770941,crossing,uncontrolled,,
5306843086,node,13.0853737,80.1984810,traffic_signals,,,
5308406682,node,13.0853351,80.1986534,traffic_signals,,,
5328855183,node,13.0499127,80.2121868,traffic_signals,,,signal
5409911967,node,12.9781774,80.2328278,,,hump,
5444376204,node,13.0494723,80.2119082,mini_roundabout,,,
5455784934,node,13.0137092,80.2042207,traffic_signals,,,signal
5460705612,node,13.0657269,80.2676410,traffic_signals,,,
5460705613,node,13.0653229,80.2676142,traffic_signals,,,
5460773146,node,13.0107557,80.2248574,traffic_signals,traffic_signals,,
5486619716,node,12.9828474,80.2295483,,,hump,
5528559489,node,13.0152490,80.2248301,traffic_signals,traffic_signals,,
5528559490,node,13.0151863,80.2248824,traffic_signals,traffic_signals,,
5528559504,node,13.0147139,80.2261115,traffic_signals,traffic_signals,,
5528559506,node,13.0162688,80.1853650,,,bump,
5534114590,node,12.9815344,80.2293395,,,bump,
5557375686,node,12.9733948,80.2500777,,,bump,
5562538691,node,12.9823596,80.2270502,,,bump,
5793557505,node,13.0099518,80.2503043,,,hump,
5793660751,node,12.8976360,80.2474036,traffic_signals,,,
5793660752,node,12.8977497,80.2474247,traffic_signals,,,
5793661006,node,12.9291074,80.2515485,traffic_signals,,,
5793661048,node,12.9501039,80.2549152,traffic_signals,,,
5793661057,node,12.9544474,80.2551398,traffic_signals,,,
6074258026,node,12.9635279,80.2467479,traffic_signals,,,
6245894583,node,12.9499410,80.2311381,traffic_signals,,,
6274883986,node,13.1039050,80.2735549,traffic_signals,,,
6308136282,node,12.9098305,80.1914261,,,hump,
6308136284,node,12.9393118,80.1824905,,,hump,
6328430472,node,12.9816132,80.1666948,traffic_signals,,,
6328430473,node,12.9815741,80.1671180,traffic_signals,,,
6771686342,node,12.9387394,80.2526999,traffic_signals,,,
6816790397,node,13.0066491,80.2473998,traffic_signals,,,signal
6819739374,node,13.0828840,80.1986346,traffic_signals,,,
6860456965,node,13.0788024,80.2500899,crossing,unmarked,,
6926845391,node,13.0391271,80.2468172,traffic_signals,,,
7050844239,node,13.0240671,80.2738735,traffic_signals,,,
7111954112,node,12.9914776,80.2196467,traffic_signals,,,
7831280647,node,13.1079671,80.2914953,traffic_signals,,,
9531343917,node,13.0390833,80.2469712,traffic_signals,,,
9572383287,node,12.9634844,80.2160258,traffic_signals,,,
9572798757,node,13.0809032,80.2710080,traffic_signals,,,signal
9587949539,node,13.0660122,80.2437093,traffic_signals,,,
9593473426,node,13.0773615,80.2407127,traffic_signals,,,
9869953185,node,13.1301727,80.2138700,traffic_signals,,,
9872513780,node,13.0887467,80.2898980,,,hump,
9872513785,node,13.0886536,80.2888064,,,hump,
10029137471,node,13.0847930,80.2153988,crossing,unmarked,,
10130204526,node,13.1039745,80.2734728,traffic_signals,,,
10130204527,node,13.1039871,80.2735373,traffic_signals,,,
10201011144,node,13.0809633,80.2709194,traffic_signals,,,signal
10201011147,node,13.0808678,80.2709372,traffic_signals,,,signal
10201011149,node,13.0810014,80.2709854,traffic_signals,,,signal
10302481793,node,12.8587611,80.2263211,traffic_signals,,,signal
10302481799,node,12.8727274,80.2265968,traffic_signals,,,signal
10302481800,node,12.8730563,80.2267202,traffic_signals,,,signal
10302481801,node,12.8765464,80.2266947,traffic_signals,,,signal
10302481802,node,12.8763935,80.2268498,traffic_signals,,,signal
10302481803,node,12.8767207,80.2269967,traffic_signals,,,signal
10302481804,node,12.8922865,80.2273101,traffic_signals,,,signal
10302481805,node,12.8925969,80.2274301,traffic_signals,,,signal
10302549624,node,13.0219215,80.2711788,traffic_signals,,,signal
10302549625,node,13.0219433,80.2710465,traffic_signals,,,signal
10302549626,node,13.0433746,80.2794586,traffic_signals,,,signal
10302549627,node,13.0430857,80.2796026,traffic_signals,,,signal
10302549628,node,13.0435105,80.2798218,traffic_signals,,,signal
10302549629,node,13.0575848,80.2818303,traffic_signals,,,signal
10302549630,node,13.0573854,80.2819762,traffic_signals,,,signal
10302549631,node,13.0576500,80.2820734,traffic_signals,,,signal
10302549632,node,13.0676877,80.2841648,traffic_signals,,,signal
10536304464,node,13.0742251,80.2859029,crossing,uncontrolled,,
10536304465,node,13.0744205,80.2861064,crossing,uncontrolled,,
10536304473,node,13.0743827,80.2861844,crossing,uncontrolled,,
10536336461,node,13.0740984,80.2861145,crossing,uncontrolled,,
10536336549,node,13.0729152,80.2857235,crossing,uncontrolled,,
10536336558,node,13.0730056,80.2852716,crossing,uncontrolled,,
10584852023,node,13.0844215,80.2178872,crossing,traffic_signals,,
10584852024,node,13.0844165,80.2180184,crossing,traffic_signals,,
10584852026,node,13.0847288,80.2176787,crossing,traffic_signals,,
10584852027,node,13.0846293,80.2176773,crossing,traffic_signals,,
10584852029,node,13.0849492,80.2180462,crossing,traffic_signals,,
10584852030,node,13.0849509,80.2179137,crossing,traffic_signals,,
10584852031,node,13.0847042,80.2182555,crossing,traffic_signals,,
10584852032,node,13.0846032,80.2182531,crossing,traffic_signals,,
10593460345,node,13.0068128,80.2036221,crossing,uncontrolled,,
10594234677,node,13.0586707,80.2116447,traffic_signals,,,
10603942542,node,12.9433206,80.2536517,,,hump,
10603942543,node,12.9431615,80.2547607,,,hump,
10603942548,node,12.9430611,80.2555248,,,hump,
10603942549,node,12.9429888,80.2562813,,,hump,
10603942555,node,12.9428774,80.2578568,,,hump,
10603942558,node,12.9428488,80.2581088,,,hump,
10603942560,node,12.9427794,80.2585775,,,hump,
10703707777,node,13.1038115,80.2868074,crossing,uncontrolled,,
10703707791,node,13.1039190,80.2868143,,,hump,
10703707792,node,13.1039186,80.2867984,,,hump,
10703707793,node,13.1037050,80.2868101,,,hump,
10942180724,node,13.0759054,80.2653417,,,hump,
10942180743,node,13.0759084,80.2652553,,,hump,
10942180788,node,13.0786782,80.2654562,traffic_signals,,,signal
10942180789,node,13.0786041,80.2653700,traffic_signals,,,signal
10942180790,node,13.0786602,80.2653625,traffic_signals,,,signal
10968481991,node,13.0664255,80.2683690,traffic_signals,,,signal
10970819058,node,13.0160363,80.2596093,,,hump,
10970819072,node,13.0158395,80.2594146,,,hump,
11032124250,node,13.1303497,80.2138142,traffic_signals,,,
11032124251,node,13.1302416,80.2137250,traffic_signals,,,
11037144102,node,13.0814131,80.2725519,crossing,marked,,
11173435364,node,12.9862657,80.2517351,traffic_signals,,,
11495672460,node,13.0790884,80.2565109,crossing,uncontrolled,,
11495672461,node,13.0791762,80.2565063,crossing,uncontrolled,,
11495672462,node,13.0791779,80.2565337,traffic_signals,,,signal
11495672463,node,13.0791149,80.2568016,traffic_signals,,,signal
11495672521,node,13.0752735,80.2582920,crossing,uncontrolled,,
11495672525,node,13.0753422,80.2581421,crossing,uncontrolled,,
11495672533,node,13.0754554,80.2584060,traffic_signals,,,signal
11495672534,node,13.0754397,80.2583698,crossing,uncontrolled,,
11495672544,node,13.0753272,80.2581263,traffic_signals,,,signal
11495672546,node,13.0753007,80.2581781,crossing,uncontrolled,,
11495672547,node,13.0753288,80.2583299,crossing,uncontrolled,,
11495672548,node,13.0754945,80.2583444,crossing,uncontrolled,,
11495672555,node,13.0752400,80.2583147,traffic_signals,,,signal
11495672556,node,13.0754838,80.2582331,traffic_signals,,,signal
11495672608,node,13.0734056,80.2607115,crossing,uncontrolled,,
11495672609,node,13.0733131,80.2606682,crossing,uncontrolled,,
11502813595,node,13.1039827,80.2761613,,,hump,
11513276657,node,13.1021747,80.2795069,,,hump,
11687096714,node,13.1101957,80.2646885,,uncontrolled,,
11786641080,node,13.0160432,80.1790703,,,hump,
11930629312,node,13.1230684,80.2016218,crossing,uncontrolled,,
11930629313,node,13.1232483,80.2015684,crossing,uncontrolled,,
11939209054,node,13.0748813,80.2179930,traffic_signals,,,signal
11939347654,node,13.0854909,80.2846154,traffic_signals,,,
11964595379,node,13.0852150,80.2030185,traffic_signals,,,signal
12139188793,node,13.0188172,80.2613810,crossing,uncontrolled,,
12139188794,node,13.0189832,80.2674750,crossing,uncontrolled,,
12139194845,node,13.0631629,80.2832363,crossing,uncontrolled,,
12139194846,node,13.0642888,80.2831214,crossing,uncontrolled,,
12139194847,node,13.0676480,80.2843086,crossing,uncontrolled,,
12139194848,node,13.0729968,80.2855296,crossing,uncontrolled,,
12139194849,node,13.0742158,80.2857283,crossing,uncontrolled,,
12139194851,node,13.0743821,80.2861842,crossing,uncontrolled,,
12139194852,node,13.0802544,80.2881451,crossing,uncontrolled,,
12139194853,node,13.0888388,80.2898915,crossing,uncontrolled,,
12139194854,node,13.0889986,80.2904450,crossing,uncontrolled,,
12139194855,node,13.0905875,80.2910894,crossing,uncontrolled,,
12139194856,node,13.0950338,80.2925046,crossing,uncontrolled,,
12139207549,node,13.0433763,80.2794840,crossing,uncontrolled,,
12139207551,node,13.0239617,80.2737446,crossing,uncontrolled,,
12139207552,node,13.0246915,80.2746321,crossing,uncontrolled,,
12139207553,node,13.0259065,80.2752252,crossing,uncontrolled,,
12139207554,node,13.0284857,80.2762759,crossing,uncontrolled,,
12139207556,node,13.0334820,80.2772409,crossing,uncontrolled,,
12139207557,node,13.0381882,80.2784898,crossing,uncontrolled,,
12139207558,node,13.0407743,80.2792488,crossing,uncontrolled,,
12139207559,node,13.0408273,80.2793893,crossing,uncontrolled,,
12139207560,node,13.0431241,80.2796088,crossing,uncontrolled,,
12139207561,node,13.0206544,80.2695014,crossing,uncontrolled,,
12139207562,node,13.0435546,80.2796908,crossing,uncontrolled,,
12139207563,node,13.0444150,80.2798829,crossing,uncontrolled,,
12139207564,node,13.0461570,80.2801227,crossing,uncontrolled,,
12139207565,node,13.0499255,80.2806651,crossing,uncontrolled,,
12139207566,node,13.0509190,80.2808296,crossing,uncontrolled,,
12139207568,node,13.0529219,80.2811333,crossing,uncontrolled,,
12139207569,node,13.0559890,80.2817138,crossing,uncontrolled,,
12139207570,node,13.0560087,80.2818290,crossing,uncontrolled,,
12139207571,node,13.0628231,80.2831521,crossing,uncontrolled,,
12334925207,node,12.9814092,80.2432278,traffic_signals,,,
12334925218,node,12.9813089,80.2431820,traffic_signals,,,
12390427559,node,12.9918745,80.2485724,,,bump,
12390427560,node,12.9918792,80.2488830,,,bump,
12485887992,node,13.0426275,80.2359268,traffic_signals,,,
12485887993,node,13.0427516,80.2358495,traffic_signals,,,
12485887995,node,13.0427123,80.2358215,traffic_signals,,,
12549147042,node,13.0474230,80.1993694,traffic_signals,,,
12696331658,node,13.0914068,80.2857943,crossing,uncontrolled,,
12887410825,node,12.9010074,80.2278943,traffic_signals,,,
12895275712,node,12.9812969,80.2432743,traffic_signals,,,
13067792373,node,13.0078132,80.2350579,crossing,traffic_signals,,
13067792374,node,13.0079159,80.2350822,crossing,traffic_signals,,
13380542281,node,12.9918657,80.2337091,,,hump,
13380552213,node,12.9910697,80.2335907,,,hump,
13381918139,node,12.9864533,80.2351711,,,hump,
13381918140,node,12.9866630,80.2381450,,,hump,
13382797197,node,12.9901892,80.2273537,,,hump,
13382842774,node,13.0023233,80.2400399,,,hump,
13382842775,node,12.9988224,80.2393849,,,hump,
13382842776,node,12.9987957,80.2392369,,,hump,
13382842778,node,12.9932008,80.2339951,,,hump,
13382842781,node,12.9928468,80.2356076,,,hump,
13382842785,node,12.9963748,80.2384335,,,hump,
13382842786,node,12.9973657,80.2400087,crossing,uncontrolled,,
13739822710,node,13.0923900,80.2183207,traffic_signals,,,signal
13739822711,node,13.0922351,80.2183683,traffic_signals,,,signal
13739822713,node,13.0921795,80.2182138,traffic_signals,,,signal
13739822714,node,13.0923103,80.2181548,traffic_signals,,,signal
13807739488,node,13.0743746,80.1943942,traffic_signals,uncontrolled,,
